{"train_loss_step": 0.7115906476974487, "train_acc_step": 0.54296875, "train_auroc_step": 0.5543299317359924, "train_f1_step": 0.5866546630859375, "train_precision_step": 0.5533333420753479, "train_recall_step": 0.6242650151252747, "epoch": 1, "trainer/global_step": 16, "_timestamp": 1696253184.4546025, "_runtime": 101.09202742576599, "_step": 18, "val_loss": 0.6761456727981567, "val_acc": 0.5650224089622498, "val_auroc": 0.6137807369232178, "val_f1": 0.5491302609443665, "val_precision": 0.620286226272583, "val_recall": 0.49728360772132874, "train_loss_epoch": 0.7483131289482117, "train_acc_epoch": 0.5366949439048767, "train_auroc_epoch": 0.53462153673172, "train_f1_epoch": 0.5853801369667053, "train_precision_epoch": 0.5575351715087891, "train_recall_epoch": 0.6207660436630249, "_wandb": {"runtime": 104}}