{"train_loss_step": 0.5744365453720093, "train_acc_step": 0.66015625, "train_auroc_step": 0.7758210301399231, "train_f1_step": 0.6717931032180786, "train_precision_step": 0.6278538703918457, "train_recall_step": 0.7234126925468445, "epoch": 3, "trainer/global_step": 48, "_timestamp": 1696252995.4203773, "_runtime": 23.320972204208374, "_step": 54, "val_loss": 0.5355492234230042, "val_acc": 0.7421524524688721, "val_auroc": 0.8463244438171387, "val_f1": 0.7763737440109253, "val_precision": 0.7297118306159973, "val_recall": 0.8330879807472229, "train_loss_epoch": 0.5749235153198242, "train_acc_epoch": 0.700698971748352, "train_auroc_epoch": 0.7703492641448975, "train_f1_epoch": 0.7182062864303589, "train_precision_epoch": 0.7205849885940552, "train_recall_epoch": 0.7202069163322449, "_wandb": {"runtime": 22}}