{"train_loss_step": 0.040032483637332916, "train_acc_step": 0.9952606558799744, "train_auroc_step": 1.0, "train_f1_step": 0.994949460029602, "train_precision_step": 0.9900000095367432, "train_recall_step": 1.0, "epoch": 59, "trainer/global_step": 479, "_timestamp": 1696251086.6596797, "_runtime": 163.6053535938263, "_step": 599, "val_loss": 0.024493804201483727, "val_acc": 1.0, "val_auroc": 1.0, "val_f1": 1.0, "val_precision": 1.0, "val_recall": 1.0, "train_loss_epoch": 0.03570399805903435, "train_acc_epoch": 0.997004508972168, "train_auroc_epoch": 0.9999371767044067, "train_f1_epoch": 0.9970840811729431, "train_precision_epoch": 0.9965742230415344, "train_recall_epoch": 0.9976229667663574, "_wandb": {"runtime": 163}}