{"train_loss_step": 0.028752842918038368, "train_acc_step": 0.9989316463470459, "train_auroc_step": 1.0, "train_f1_step": 0.9989270567893982, "train_precision_step": 0.997863233089447, "train_recall_step": 1.0, "epoch": 59, "trainer/global_step": 239, "_timestamp": 1696251290.7643108, "_runtime": 125.0416407585144, "_step": 359, "val_loss": 0.016537746414542198, "val_acc": 1.0, "val_auroc": 1.0, "val_f1": 1.0, "val_precision": 1.0, "val_recall": 1.0, "train_loss_epoch": 0.02639899030327797, "train_acc_epoch": 0.9985029697418213, "train_auroc_epoch": 1.0, "train_f1_epoch": 0.9985494017601013, "train_precision_epoch": 0.9980669617652893, "train_recall_epoch": 0.9990429878234863, "_wandb": {"runtime": 124}}