{"train_loss_step": 0.09755793958902359, "train_acc_step": 0.9814453125, "train_auroc_step": 0.9983730316162109, "train_f1_step": 0.9826953411102295, "train_precision_step": 0.9781419038772583, "train_recall_step": 0.9873083829879761, "epoch": 40, "trainer/global_step": 160, "_timestamp": 1696252364.3955095, "_runtime": 362.0391585826874, "_step": 240, "val_loss": 0.1050025001168251, "val_acc": 0.9843049049377441, "val_auroc": 0.9990728497505188, "val_f1": 0.9847362637519836, "val_precision": 0.9782898426055908, "val_recall": 0.9912806153297424, "train_loss_epoch": 0.09487692266702652, "train_acc_epoch": 0.9845232367515564, "train_auroc_epoch": 0.9982134103775024, "train_f1_epoch": 0.9853662848472595, "train_precision_epoch": 0.9830915331840515, "train_recall_epoch": 0.987704336643219, "_wandb": {"runtime": 361}}