{"train_loss_step": 0.6557996869087219, "train_acc_step": 0.615234375, "train_auroc_step": 0.6582037210464478, "train_f1_step": 0.6379455327987671, "train_precision_step": 0.6441104412078857, "train_recall_step": 0.6321703195571899, "epoch": 4, "trainer/global_step": 16, "_timestamp": 1696253495.2848525, "_runtime": 183.81857061386108, "_step": 24, "val_loss": 0.6643105149269104, "val_acc": 0.5982142686843872, "val_auroc": 0.7235879898071289, "val_f1": 0.4967470169067383, "val_precision": 0.8277060389518738, "val_recall": 0.3566296398639679, "train_loss_epoch": 0.6733529567718506, "train_acc_epoch": 0.5958083868026733, "train_auroc_epoch": 0.6308828592300415, "train_f1_epoch": 0.6122480630874634, "train_precision_epoch": 0.6232284903526306, "train_recall_epoch": 0.6028492450714111, "_wandb": {"runtime": 183}}